item,geo,gss
http://www.wikidata.org/entity/Q988601,Point(-3.007 53.647),E14000429
http://www.wikidata.org/entity/Q988601,Point(-3.007 53.647),E14000958
http://www.wikidata.org/entity/Q988607,Point(0.66 51.55),E14000428
http://www.wikidata.org/entity/Q988607,Point(0.66 51.55),E14000957
http://www.wikidata.org/entity/Q988615,Point(-1.4167 50.9333),E14000427
http://www.wikidata.org/entity/Q988615,Point(-1.4167 50.9333),E14000956
http://www.wikidata.org/entity/Q988625,Point(-1.35 50.9167),E14000426
http://www.wikidata.org/entity/Q988625,Point(-1.35 50.9167),E14000955
http://www.wikidata.org/entity/Q988637,Point(0.48 51.5355),E14000933
http://www.wikidata.org/entity/Q988645,Point(0.154 52.12),E14000408
http://www.wikidata.org/entity/Q988645,Point(0.154 52.12),E14000934
http://www.wikidata.org/entity/Q988730,Point(-1.55 52.8),E14000409
http://www.wikidata.org/entity/Q988730,Point(-1.55 52.8),E14000935
http://www.wikidata.org/entity/Q988740,Point(0.31 52.131),E14000411
http://www.wikidata.org/entity/Q988740,Point(0.31 52.131),E14000937
http://www.wikidata.org/entity/Q988746,Point(-2.186 51.26),E14000954
http://www.wikidata.org/entity/Q988793,Point(-0.7 51.15),E14000425
http://www.wikidata.org/entity/Q988793,Point(-0.7 51.15),E14000953
http://www.wikidata.org/entity/Q988801,Point(0.6 52.5),E14000424
http://www.wikidata.org/entity/Q988801,Point(0.6 52.5),E14000952
http://www.wikidata.org/entity/Q988809,Point(-0.5333 51.7333),E14000423
http://www.wikidata.org/entity/Q988809,Point(-0.5333 51.7333),E14000951
http://www.wikidata.org/entity/Q988814,Point(-3.992 50.395),E14000422
http://www.wikidata.org/entity/Q988814,Point(-3.992 50.395),E14000950
http://www.wikidata.org/entity/Q988826,Point(-0.491 51.958),E14000421
http://www.wikidata.org/entity/Q988826,Point(-0.491 51.958),E14000949
http://www.wikidata.org/entity/Q988835,Point(1.3667 51.3),E14000420
http://www.wikidata.org/entity/Q988835,Point(1.3667 51.3),E14000948
http://www.wikidata.org/entity/Q988843,Point(-1.782 51.559),E14000419
http://www.wikidata.org/entity/Q988843,Point(-1.782 51.559),E14000947
http://www.wikidata.org/entity/Q988848,Point(0.9 52.0),E14000418
http://www.wikidata.org/entity/Q988848,Point(0.9 52.0),E14000946
http://www.wikidata.org/entity/Q988859,Point(-1.414 54.973),E14000416
http://www.wikidata.org/entity/Q988859,Point(-1.414 54.973),E14000944
http://www.wikidata.org/entity/Q988873,Point(-2.697 53.717),E14000415
http://www.wikidata.org/entity/Q988873,Point(-2.697 53.717),E14000943
http://www.wikidata.org/entity/Q988884,Point(-1.05 52.1),E14000942
http://www.wikidata.org/entity/Q988942,Point(1.4 52.5),E14000414
http://www.wikidata.org/entity/Q988942,Point(1.4 52.5),E14000941
http://www.wikidata.org/entity/Q988954,Point(-1.2 52.5),E14000940
http://www.wikidata.org/entity/Q988966,Point(-0.1 52.75),E14000413
http://www.wikidata.org/entity/Q988966,Point(-0.1 52.75),E14000939
http://www.wikidata.org/entity/Q988977,Point(-4.52 50.414),E14000412
http://www.wikidata.org/entity/Q988977,Point(-4.52 50.414),E14000938
http://www.wikidata.org/entity/Q989007,Point(-0.592 51.512),E14000405
http://www.wikidata.org/entity/Q989007,Point(-0.592 51.512),E14000930
http://www.wikidata.org/entity/Q989017,Point(-2.51 51.1),E14000407
http://www.wikidata.org/entity/Q989017,Point(-2.51 51.1),E14000932
http://www.wikidata.org/entity/Q989027,Point(-1.78 52.41),E14000406
http://www.wikidata.org/entity/Q989027,Point(-1.78 52.41),E14000931
http://www.wikidata.org/entity/Q989041,Point(-0.57 53.5),E14000389
http://www.wikidata.org/entity/Q989041,Point(-0.57 53.5),E14000914
http://www.wikidata.org/entity/Q989206,Point(-0.5 53.05),E14000404
http://www.wikidata.org/entity/Q989206,Point(-0.5 53.05),E14000929
http://www.wikidata.org/entity/Q989226,Point(-1.833 54.162),E14000403
http://www.wikidata.org/entity/Q989226,Point(-1.833 54.162),E14000928
http://www.wikidata.org/entity/Q989270,Point(-1.3 51.96),E14000010
http://www.wikidata.org/entity/Q989270,Point(-1.3 51.96),E14000539
http://www.wikidata.org/entity/Q1031352,Point(0.7833 51.35),E14000402
http://www.wikidata.org/entity/Q1031352,Point(0.7833 51.35),E14000927
http://www.wikidata.org/entity/Q1031497,Point(-2.769 52.665),E14000401
http://www.wikidata.org/entity/Q1031497,Point(-2.769 52.665),E14000926
http://www.wikidata.org/entity/Q1031659,Point(-1.8 53.85),E14000400
http://www.wikidata.org/entity/Q1031659,Point(-1.8 53.85),E14000925
http://www.wikidata.org/entity/Q1031709,Point(-1.13 53.07),E14000399
http://www.wikidata.org/entity/Q1031709,Point(-1.13 53.07),E14000924
http://www.wikidata.org/entity/Q1031720,Point(-1.467 53.369),E14000397
http://www.wikidata.org/entity/Q1031720,Point(-1.467 53.369),E14000923
http://www.wikidata.org/entity/Q1031731,Point(-1.523 53.355),E14000396
http://www.wikidata.org/entity/Q1031731,Point(-1.523 53.355),E14000922
http://www.wikidata.org/entity/Q1031745,Point(-1.452 53.411),E14000921
http://www.wikidata.org/entity/Q1031751,Point(-1.429 53.362),E14000920
http://www.wikidata.org/entity/Q1031768,Point(0.1833 51.3333),E14000392
http://www.wikidata.org/entity/Q1031768,Point(0.1833 51.3333),E14000918
http://www.wikidata.org/entity/Q1031788,Point(-1.079 53.777),E14000917
http://www.wikidata.org/entity/Q1031797,Point(-2.985 53.523),E14000916
http://www.wikidata.org/entity/Q1031806,Point(-1.5 54.6),E14000390
http://www.wikidata.org/entity/Q1031806,Point(-1.5 54.6),E14000915
http://www.wikidata.org/entity/Q1031819,Point(-0.56 54.37),E14000388
http://www.wikidata.org/entity/Q1031819,Point(-0.56 54.37),E14000913
http://www.wikidata.org/entity/Q1031840,Point(-1.79 51.07),E14000387
http://www.wikidata.org/entity/Q1031840,Point(-1.79 51.07),E14000912
http://www.wikidata.org/entity/Q1031863,Point(-2.34 53.51),E14000911
http://www.wikidata.org/entity/Q1031869,Point(0.35 51.95),E14000381
http://www.wikidata.org/entity/Q1031869,Point(0.35 51.95),E14000910
http://www.wikidata.org/entity/Q1031877,Point(-0.8 52.7),E14000379
http://www.wikidata.org/entity/Q1031877,Point(-0.8 52.7),E14000909
http://www.wikidata.org/entity/Q1031884,Point(-4.175 55.807),S14000056
http://www.wikidata.org/entity/Q1031895,Point(-1.09 52.87),E14000378
http://www.wikidata.org/entity/Q1031895,Point(-1.09 52.87),E14000908
http://www.wikidata.org/entity/Q1031923,Point(-1.35 52.4),E14000905
http://www.wikidata.org/entity/Q1031928,Point(-1.357 53.43),E14000374
http://www.wikidata.org/entity/Q1031928,Point(-1.357 53.43),E14000904
http://www.wikidata.org/entity/Q1031931,Point(-1.357 53.43),E14000373
http://www.wikidata.org/entity/Q1031931,Point(-1.357 53.43),E14000903
http://www.wikidata.org/entity/Q1031940,Point(-2.24 53.708),E14000372
http://www.wikidata.org/entity/Q1031940,Point(-2.24 53.708),E14000902
http://www.wikidata.org/entity/Q1031947,Point(-5.896 57.274),S14000055
http://www.wikidata.org/entity/Q1031958,Point(0.187 51.588),E14000370
http://www.wikidata.org/entity/Q1031958,Point(0.187 51.588),E14000900
http://www.wikidata.org/entity/Q1031965,Point(0.81 51.55),E14000369
http://www.wikidata.org/entity/Q1031965,Point(0.81 51.55),E14000899
http://www.wikidata.org/entity/Q1031975,Point(0.5 51.4),E14000898
http://www.wikidata.org/entity/Q1032004,Point(-2.16 53.61),E14000368
http://www.wikidata.org/entity/Q1032004,Point(-2.16 53.61),E14000897
http://www.wikidata.org/entity/Q1032015,Point(-0.278 51.447),E14000367
http://www.wikidata.org/entity/Q1032015,Point(-0.278 51.447),E14000896
http://www.wikidata.org/entity/Q1032035,Point(-1.653 54.405),E14000366
http://www.wikidata.org/entity/Q1032035,Point(-1.653 54.405),E14000895
http://www.wikidata.org/entity/Q1032052,Point(-2.391 53.873),E14000365
http://www.wikidata.org/entity/Q1032052,Point(-2.391 53.873),E14000894
http://www.wikidata.org/entity/Q1032085,Point(-1.95 52.25),E14000362
http://www.wikidata.org/entity/Q1032085,Point(-1.95 52.25),E14000892
http://www.wikidata.org/entity/Q1032098,Point(-1.078 54.603),E14000361
http://www.wikidata.org/entity/Q1032098,Point(-1.078 54.603),E14000891
http://www.wikidata.org/entity/Q1032106,Point(-0.99 51.46),E14000360
http://www.wikidata.org/entity/Q1032106,Point(-0.99 51.46),E14000890
http://www.wikidata.org/entity/Q1032131,Point(-0.95 51.46),E14000359
http://www.wikidata.org/entity/Q1032131,Point(-0.95 51.46),E14000889
http://www.wikidata.org/entity/Q1032138,Point(0.7 51.6),E14000888
http://www.wikidata.org/entity/Q1032224,Point(-3.497 50.546),E14000835
http://www.wikidata.org/entity/Q1032235,Point(-1.361 53.717),E14000836
http://www.wikidata.org/entity/Q1032268,Point(-2.8336 56.5222),S14000015
http://www.wikidata.org/entity/Q1032281,Point(-3.0847 56.5042),S14000016
http://www.wikidata.org/entity/Q1032300,Point(-3.43 56.057),S14000017
http://www.wikidata.org/entity/Q1032319,Point(-0.02 51.389),E14000023
http://www.wikidata.org/entity/Q1032319,Point(-0.02 51.389),E14000551
http://www.wikidata.org/entity/Q1032329,Point(-0.46 52.14),E14000024
http://www.wikidata.org/entity/Q1032329,Point(-0.46 52.14),E14000552
http://www.wikidata.org/entity/Q1032412,Point(-4.961111111 51.941111111),W07000014
http://www.wikidata.org/entity/Q1032412,Point(-4.961111111 51.941111111),W07000065
http://www.wikidata.org/entity/Q1032433,Point(-1.079 50.787),E14000354
http://www.wikidata.org/entity/Q1032433,Point(-1.079 50.787),E14000884
http://www.wikidata.org/entity/Q1032451,Point(-0.02 51.5),E14000882
http://www.wikidata.org/entity/Q1032459,Point(-1.98 50.72),E14000351
http://www.wikidata.org/entity/Q1032459,Point(-1.98 50.72),E14000881
http://www.wikidata.org/entity/Q1032468,Point(-3.35 51.601),W07000027
http://www.wikidata.org/entity/Q1032468,Point(-3.35 51.601),W07000075
http://www.wikidata.org/entity/Q1032482,Point(-1.63 54.86),E14000309
http://www.wikidata.org/entity/Q1032482,Point(-1.63 54.86),E14000840
http://www.wikidata.org/entity/Q1032489,Point(-0.574 52.221),E14000310
http://www.wikidata.org/entity/Q1032489,Point(-0.574 52.221),E14000841
http://www.wikidata.org/entity/Q1032502,Point(0.375 52.433),E14000311
http://www.wikidata.org/entity/Q1032502,Point(0.375 52.433),E14000842
http://www.wikidata.org/entity/Q1032512,Point(-1.55 53.24),E14000843
http://www.wikidata.org/entity/Q1032537,Point(-2.1976 51.0058),E14000308
http://www.wikidata.org/entity/Q1032537,Point(-2.1976 51.0058),E14000839
http://www.wikidata.org/entity/Q1032551,Point(-4.0 51.06),E14000307
http://www.wikidata.org/entity/Q1032551,Point(-4.0 51.06),E14000838
http://www.wikidata.org/entity/Q1032559,Point(-4.594 50.689),E14000306
http://www.wikidata.org/entity/Q1032559,Point(-4.594 50.689),E14000837
http://www.wikidata.org/entity/Q1032569,Point(-4.915 55.637),S14000048
http://www.wikidata.org/entity/Q1050608,Point(-4.141 50.37),E14000880
http://www.wikidata.org/entity/Q1050631,Point(-4.14 50.411),E14000879
http://www.wikidata.org/entity/Q1050650,Point(-0.25 52.5833),E14000347
http://www.wikidata.org/entity/Q1050650,Point(-0.25 52.5833),E14000878
http://www.wikidata.org/entity/Q1050667,Point(-3.435 56.395),S14000054
http://www.wikidata.org/entity/Q1050693,Point(-2.7 54.7),E14000346
http://www.wikidata.org/entity/Q1050693,Point(-2.7 54.7),E14000877
http://www.wikidata.org/entity/Q1050711,Point(-1.607 53.508),E14000876
http://www.wikidata.org/entity/Q1075452,Point(-1.515 53.85),E14000248
http://www.wikidata.org/entity/Q1075452,Point(-1.515 53.85),E14000779
http://www.wikidata.org/entity/Q1075476,Point(-1.48 53.554),E14000012
http://www.wikidata.org/entity/Q1075476,Point(-1.48 53.554),E14000541
http://www.wikidata.org/entity/Q1075483,Point(-1.556 54.777),E14000109
http://www.wikidata.org/entity/Q1075483,Point(-1.556 54.777),E14000641
http://www.wikidata.org/entity/Q1075910,Point(-0.7792 50.8365),E14000102
http://www.wikidata.org/entity/Q1075910,Point(-0.7792 50.8365),E14000633
http://www.wikidata.org/entity/Q1075915,Point(-1.08 52.3),E14000130
http://www.wikidata.org/entity/Q1075915,Point(-1.08 52.3),E14000660
http://www.wikidata.org/entity/Q1075920,Point(-1.16 52.65),E14000253
http://www.wikidata.org/entity/Q1075920,Point(-1.16 52.65),E14000784
http://www.wikidata.org/entity/Q1075925,Point(-3.178 54.112),E14000015
http://www.wikidata.org/entity/Q1075925,Point(-3.178 54.112),E14000543
http://www.wikidata.org/entity/Q1075935,Point(-0.61 51.694),E14000100
http://www.wikidata.org/entity/Q1075935,Point(-0.61 51.694),E14000631
http://www.wikidata.org/entity/Q1077324,Point(-3.581 51.507),W07000023
http://www.wikidata.org/entity/Q1077324,Point(-3.581 51.507),W07000073
http://www.wikidata.org/entity/Q1077332,Point(-3.203 51.517),W07000051
http://www.wikidata.org/entity/Q1077338,Point(-3.19 51.653),W07000036
http://www.wikidata.org/entity/Q1077338,Point(-3.19 51.653),W07000077
http://www.wikidata.org/entity/Q1077346,Point(-0.055 51.628),E14000157
http://www.wikidata.org/entity/Q1077346,Point(-0.055 51.628),E14000687
http://www.wikidata.org/entity/Q1077357,Point(-4.137 51.62),W07000018
http://www.wikidata.org/entity/Q1077357,Point(-4.137 51.62),W07000046
http://www.wikidata.org/entity/Q1077363,Point(-3.308 51.752),W07000033
http://www.wikidata.org/entity/Q1077363,Point(-3.308 51.752),W07000071
http://www.wikidata.org/entity/Q1077371,Point(-0.364 51.585),E14000201
http://www.wikidata.org/entity/Q1077371,Point(-0.364 51.585),E14000732
http://www.wikidata.org/entity/Q1077377,Point(-3.461 51.657),W07000026
http://www.wikidata.org/entity/Q1077377,Point(-3.461 51.657),W07000070
http://www.wikidata.org/entity/Q1077385,Point(-4.1 51.9333),W07000015
http://www.wikidata.org/entity/Q1077385,Point(-4.1 51.9333),W07000067
http://www.wikidata.org/entity/Q1077391,Point(0.028 51.483),E14000187
http://www.wikidata.org/entity/Q1077391,Point(0.028 51.483),E14000718
http://www.wikidata.org/entity/Q1077406,Point(-3.193 53.252),W07000006
http://www.wikidata.org/entity/Q1077406,Point(-3.193 53.252),W07000042
http://www.wikidata.org/entity/Q1077415,Point(-3.11417 52.9403),W07000009
http://www.wikidata.org/entity/Q1077415,Point(-3.11417 52.9403),W07000062
http://www.wikidata.org/entity/Q1077422,Point(-3.382 52.094),W07000013
http://www.wikidata.org/entity/Q1077422,Point(-3.382 52.094),W07000068
http://www.wikidata.org/entity/Q1077431,Point(-4.701 51.745),W07000016
http://www.wikidata.org/entity/Q1077431,Point(-4.701 51.745),W07000066
http://www.wikidata.org/entity/Q1077439,Point(-0.345 51.537),E14000144
http://www.wikidata.org/entity/Q1077439,Point(-0.345 51.537),E14000675
http://www.wikidata.org/entity/Q1077449,Point(-3.46056 53.1431),W07000004
http://www.wikidata.org/entity/Q1077449,Point(-3.46056 53.1431),W07000059
http://www.wikidata.org/entity/Q1077463,Point(-1.08 52.64),E14000251
http://www.wikidata.org/entity/Q1077463,Point(-1.08 52.64),E14000782
http://www.wikidata.org/entity/Q1077473,Point(-1.4 53.25),E14000101
http://www.wikidata.org/entity/Q1077473,Point(-1.4 53.25),E14000632
http://www.wikidata.org/entity/Q1077481,Point(-2.5 53.74),E14000044
http://www.wikidata.org/entity/Q1077481,Point(-2.5 53.74),E14000570
http://www.wikidata.org/entity/Q1077488,Point(-0.95 53.4),E14000018
http://www.wikidata.org/entity/Q1077488,Point(-0.95 53.4),E14000546
http://www.wikidata.org/entity/Q1077497,Point(-0.075 51.667),E14000161
http://www.wikidata.org/entity/Q1077497,Point(-0.075 51.667),E14000691
http://www.wikidata.org/entity/Q1077506,Point(-0.75 52.42),E14000237
http://www.wikidata.org/entity/Q1077506,Point(-0.75 52.42),E14000769
http://www.wikidata.org/entity/Q1077513,Point(-0.122 51.647),E14000162
http://www.wikidata.org/entity/Q1077513,Point(-0.122 51.647),E14000692
http://www.wikidata.org/entity/Q1077519,Point(0.086 51.564),E14000229
http://www.wikidata.org/entity/Q1077519,Point(0.086 51.564),E14000760
http://www.wikidata.org/entity/Q1077528,Point(-0.313 51.606),E14000200
http://www.wikidata.org/entity/Q1077528,Point(-0.313 51.606),E14000731
http://www.wikidata.org/entity/Q1077534,Point(-1.14 52.6),E14000252
http://www.wikidata.org/entity/Q1077534,Point(-1.14 52.6),E14000783
http://www.wikidata.org/entity/Q1077540,Point(-0.29 51.57),E14000065
http://www.wikidata.org/entity/Q1077540,Point(-0.29 51.57),E14000592
http://www.wikidata.org/entity/Q1077545,Point(-1.2 52.7),E14000096
http://www.wikidata.org/entity/Q1077545,Point(-1.2 52.7),E14000625
http://www.wikidata.org/entity/Q1077552,Point(-0.114 51.561),E14000232
http://www.wikidata.org/entity/Q1077552,Point(-0.114 51.561),E14000763
http://www.wikidata.org/entity/Q1077561,Point(-1.45 52.9),E14000133
http://www.wikidata.org/entity/Q1077561,Point(-1.45 52.9),E14000663
http://www.wikidata.org/entity/Q1077573,Point(1.0833 51.1),E14000174
http://www.wikidata.org/entity/Q1077573,Point(1.0833 51.1),E14000704
http://www.wikidata.org/entity/Q1077582,Point(-0.5 53.35),E14000177
http://www.wikidata.org/entity/Q1077582,Point(-0.5 53.35),E14000707
http://www.wikidata.org/entity/Q1077590,Point(-0.354 51.505),E14000145
http://www.wikidata.org/entity/Q1077590,Point(-0.354 51.505),E14000676
http://www.wikidata.org/entity/Q1077598,Point(-1.2 52.77),E14000268
http://www.wikidata.org/entity/Q1077598,Point(-1.2 52.77),E14000797
http://www.wikidata.org/entity/Q1077604,Point(-0.54 53.23),E14000262
http://www.wikidata.org/entity/Q1077604,Point(-0.54 53.23),E14000792
http://www.wikidata.org/entity/Q1077612,Point(0.003 51.617),E14000103
http://www.wikidata.org/entity/Q1077612,Point(0.003 51.617),E14000634
http://www.wikidata.org/entity/Q1077620,Point(-0.18 51.59),E14000173
http://www.wikidata.org/entity/Q1077620,Point(-0.18 51.59),E14000703
http://www.wikidata.org/entity/Q1077626,Point(-0.194 51.64),E14000104
http://www.wikidata.org/entity/Q1050733,Point(-2.204 53.845),E14000345
http://www.wikidata.org/entity/Q1050733,Point(-2.204 53.845),E14000875
http://www.wikidata.org/entity/Q1050788,Point(-4.499 55.86),S14000052
http://www.wikidata.org/entity/Q1050814,Point(-1.3 51.75),E14000344
http://www.wikidata.org/entity/Q1050814,Point(-1.3 51.75),E14000874
http://www.wikidata.org/entity/Q1050889,Point(-1.2 51.75),E14000343
http://www.wikidata.org/entity/Q1050889,Point(-1.2 51.75),E14000873
http://www.wikidata.org/entity/Q1050914,Point(0.085 51.357),E14000342
http://www.wikidata.org/entity/Q1050914,Point(0.085 51.357),E14000872
http://www.wikidata.org/entity/Q1050931,Point(-1.803 59.775),S14000051
http://www.wikidata.org/entity/Q1050950,Point(-2.1 53.6),E14000341
http://www.wikidata.org/entity/Q1050950,Point(-2.1 53.6),E14000871
http://www.wikidata.org/entity/Q1050969,Point(-2.1 53.6),E14000340
http://www.wikidata.org/entity/Q1050969,Point(-2.1 53.6),E14000870
http://www.wikidata.org/entity/Q1050985,Point(0.12 51.439),E14000339
http://www.wikidata.org/entity/Q1050985,Point(0.12 51.439),E14000869
http://www.wikidata.org/entity/Q1051003,Point(-3.56667 51.5667),W07000024
http://www.wikidata.org/entity/Q1051003,Point(-3.56667 51.5667),W07000074
http://www.wikidata.org/entity/Q1051029,Point(-3.545 56.281),S14000050
http://www.wikidata.org/entity/Q1051057,Point(-1.45 52.5),E14000338
http://www.wikidata.org/entity/Q1051057,Point(-1.45 52.5),E14000868
http://www.wikidata.org/entity/Q1051246,Point(-1.17 52.92),E14000337
http://www.wikidata.org/entity/Q1051246,Point(-1.17 52.92),E14000867
http://www.wikidata.org/entity/Q1051300,Point(-1.19 53.0),E14000336
http://www.wikidata.org/entity/Q1051300,Point(-1.19 53.0),E14000866
http://www.wikidata.org/entity/Q1051397,Point(-1.13 52.96),E14000335
http://www.wikidata.org/entity/Q1051397,Point(-1.13 52.96),E14000865
http://www.wikidata.org/entity/Q1051416,Point(1.27 52.62),E14000334
http://www.wikidata.org/entity/Q1051416,Point(1.27 52.62),E14000864
http://www.wikidata.org/entity/Q1051488,Point(1.3 52.65),E14000333
http://www.wikidata.org/entity/Q1051488,Point(1.3 52.65),E14000863
http://www.wikidata.org/entity/Q1051515,Point(-0.89 52.22),E14000331
http://www.wikidata.org/entity/Q1051515,Point(-0.89 52.22),E14000862
http://www.wikidata.org/entity/Q1051537,Point(-0.9 52.25),E14000330
http://www.wikidata.org/entity/Q1051537,Point(-0.9 52.25),E14000861
http://www.wikidata.org/entity/Q1051556,Point(-2.03 51.53),E14000329
http://www.wikidata.org/entity/Q1051556,Point(-2.03 51.53),E14000860
http://www.wikidata.org/entity/Q1051572,Point(1.24 52.87),E14000328
http://www.wikidata.org/entity/Q1051572,Point(1.24 52.87),E14000859
http://www.wikidata.org/entity/Q1051582,Point(-1.4 52.75),E14000327
http://www.wikidata.org/entity/Q1051582,Point(-1.4 52.75),E14000858
http://www.wikidata.org/entity/Q1051591,Point(-1.45 51.1833),E14000326
http://www.wikidata.org/entity/Q1051591,Point(-1.45 51.1833),E14000857
http://www.wikidata.org/entity/Q1051601,Point(-1.98 54.77),E14000325
http://www.wikidata.org/entity/Q1051601,Point(-1.98 54.77),E14000856
http://www.wikidata.org/entity/Q1051617,Point(0.2 52.453),E14000324
http://www.wikidata.org/entity/Q1051617,Point(0.2 52.453),E14000855
http://www.wikidata.org/entity/Q1051633,Point(-1.7 52.5),E14000323
http://www.wikidata.org/entity/Q1051633,Point(-1.7 52.5),E14000854
http://www.wikidata.org/entity/Q1051661,Point(1.2667 51.375),E14000321
http://www.wikidata.org/entity/Q1051661,Point(1.2667 51.375),E14000852
http://www.wikidata.org/entity/Q1052216,Point(-1.782 51.559),E14000320
http://www.wikidata.org/entity/Q1052216,Point(-1.782 51.559),E14000851
http://www.wikidata.org/entity/Q1052235,Point(-2.73 51.43),E14000850
http://www.wikidata.org/entity/Q1052248,Point(-2.72 52.88),E14000318
http://www.wikidata.org/entity/Q1052248,Point(-2.72 52.88),E14000849
http://www.wikidata.org/entity/Q1052262,Point(1.17 52.89),E14000317
http://www.wikidata.org/entity/Q1052262,Point(1.17 52.89),E14000848
http://www.wikidata.org/entity/Q1052276,Point(-2.7 52.2),E14000847
http://www.wikidata.org/entity/Q1052293,Point(-2.5 51.3333),E14000846
http://www.wikidata.org/entity/Q1052307,Point(-0.0333 51.9167),E14000314
http://www.wikidata.org/entity/Q1052307,Point(-0.0333 51.9167),E14000845
http://www.wikidata.org/entity/Q1052327,Point(-3.043 51.583),W07000039
http://www.wikidata.org/entity/Q1052327,Point(-3.043 51.583),W07000056
http://www.wikidata.org/entity/Q1052345,Point(-2.92 51.593),W07000040
http://www.wikidata.org/entity/Q1052345,Point(-2.92 51.593),W07000055
http://www.wikidata.org/entity/Q1052362,Point(-2.3 53.04),E14000304
http://www.wikidata.org/entity/Q1052362,Point(-2.3 53.04),E14000834
http://www.wikidata.org/entity/Q1052385,Point(-1.7 55.0),E14000303
http://www.wikidata.org/entity/Q1052385,Point(-1.7 55.0),E14000833
http://www.wikidata.org/entity/Q1052935,Point(-1.61 55.003),E14000301
http://www.wikidata.org/entity/Q1052935,Point(-1.61 55.003),E14000831
http://www.wikidata.org/entity/Q1053007,Point(-1.34 51.46),E14000300
http://www.wikidata.org/entity/Q1053007,Point(-1.34 51.46),E14000830
http://www.wikidata.org/entity/Q1053027,Point(-0.9 53.1),E14000299
http://www.wikidata.org/entity/Q1053027,Point(-0.9 53.1),E14000829
http://www.wikidata.org/entity/Q1053043,Point(-1.629 50.806),E14000298
http://www.wikidata.org/entity/Q1053043,Point(-1.629 50.806),E14000828
http://www.wikidata.org/entity/Q1053065,Point(-1.467 50.82),E14000297
http://www.wikidata.org/entity/Q1053065,Point(-1.467 50.82),E14000827
http://www.wikidata.org/entity/Q1053099,Point(-3.76972 51.7206),W07000021
http://www.wikidata.org/entity/Q1053099,Point(-3.76972 51.7206),W07000069
http://www.wikidata.org/entity/Q1053141,Point(-6.953 57.671),S14000027
http://www.wikidata.org/entity/Q1053274,Point(-1.602 53.749),E14000826
http://www.wikidata.org/entity/Q1053298,Point(-2.824 54.089),E14000295
http://www.wikidata.org/entity/Q1053298,Point(-2.824 54.089),E14000825
http://www.wikidata.org/entity/Q1053311,Point(-3.248 57.512),S14000046
http://www.wikidata.org/entity/Q1053339,Point(-3.469 52.64),W07000011
http://www.wikidata.org/entity/Q1053339,Point(-3.469 52.64),W07000063
http://www.wikidata.org/entity/Q1053353,Point(-2.811 51.768),W07000034
http://www.wikidata.org/entity/Q1053353,Point(-2.811 51.768),W07000054
http://www.wikidata.org/entity/Q1053362,Point(-0.328 51.266),E14000294
http://www.wikidata.org/entity/Q1053362,Point(-0.328 51.266),E14000824
http://www.wikidata.org/entity/Q1053376,Point(-0.176 51.401),E14000293
http://www.wikidata.org/entity/Q1053376,Point(-0.176 51.401),E14000823
http://www.wikidata.org/entity/Q1053383,Point(-0.687 52.021),E14000822
http://www.wikidata.org/entity/Q1053398,Point(-0.717 52.062),E14000821
http://www.wikidata.org/entity/Q11003,Point(-0.4 51.65),E14000489
http://www.wikidata.org/entity/Q11003,Point(-0.4 51.65),E14001021
http://www.wikidata.org/entity/Q24768,Point(-3.534 50.722),E14000168
http://www.wikidata.org/entity/Q24768,Point(-3.534 50.722),E14000698
http://www.wikidata.org/entity/Q253159,Point(-4.485 55.814),S14000053
http://www.wikidata.org/entity/Q280886,Point(-2.504 51.462),E14000242
http://www.wikidata.org/entity/Q280886,Point(-2.504 51.462),E14000774
http://www.wikidata.org/entity/Q290823,Point(-3.812 51.6),W07000049
http://www.wikidata.org/entity/Q299976,Point(-3.805 53.302),W07000058
http://www.wikidata.org/entity/Q299984,Point(-2.135 57.176),S14000001
http://www.wikidata.org/entity/Q299997,Point(-2.133 57.095),S14000002
http://www.wikidata.org/entity/Q368216,Point(-0.21 51.48),E14000195
http://www.wikidata.org/entity/Q373667,Point(-0.115 51.033),E14000288
http://www.wikidata.org/entity/Q373667,Point(-0.115 51.033),E14000817
http://www.wikidata.org/entity/Q382733,Point(-1.548 54.975),E14000302
http://www.wikidata.org/entity/Q578636,Point(-2.5859 51.4281),E14000075
http://www.wikidata.org/entity/Q578636,Point(-2.5859 51.4281),E14000601
http://www.wikidata.org/entity/Q581626,Point(-3.892 55.845),S14000003
http://www.wikidata.org/entity/Q581697,Point(-0.756 51.274),E14000530
http://www.wikidata.org/entity/Q581792,Point(-1.93 52.61),E14000531
http://www.wikidata.org/entity/Q586563,Point(-0.645 51.61),E14000022
http://www.wikidata.org/entity/Q586563,Point(-0.645 51.61),E14000550
http://www.wikidata.org/entity/Q586663,Point(-2.9653 56.3158),S14000049
http://www.wikidata.org/entity/Q588875,Point(0.16 51.46),E14000029
http://www.wikidata.org/entity/Q588875,Point(0.16 51.46),E14000558
http://www.wikidata.org/entity/Q588969,Point(-2.35 53.39),E14000532
http://www.wikidata.org/entity/Q589079,Point(-1.082 53.958),E14001062
http://www.wikidata.org/entity/Q589328,Point(-1.082 53.957),E14001061
http://www.wikidata.org/entity/Q597358,Point(-0.04 51.47),E14000257
http://www.wikidata.org/entity/Q597358,Point(-0.04 51.47),E14000789
http://www.wikidata.org/entity/Q611841,Point(-1.352 54.79),E14000146
http://www.wikidata.org/entity/Q611841,Point(-1.352 54.79),E14000677
http://www.wikidata.org/entity/Q613294,Point(-2.2 52.2),E14000522
http://www.wikidata.org/entity/Q613294,Point(-2.2 52.2),E14001052
http://www.wikidata.org/entity/Q650377,Point(-1.32 50.684),E14000231
http://www.wikidata.org/entity/Q650377,Point(-1.32 50.684),E14000762
http://www.wikidata.org/entity/Q661360,Point(-3.1414 55.9441),S14000022
http://www.wikidata.org/entity/Q731571,Point(-0.287 53.767),E14000239
http://www.wikidata.org/entity/Q731571,Point(-0.287 53.767),E14000771
http://www.wikidata.org/entity/Q736909,Point(-1.546 55.008),E14000322
http://www.wikidata.org/entity/Q736909,Point(-1.546 55.008),E14000853
http://www.wikidata.org/entity/Q740118,Point(-1.7 52.15),E14000443
http://www.wikidata.org/entity/Q740118,Point(-1.7 52.15),E14000977
http://www.wikidata.org/entity/Q748130,Point(-4.915 50.316),E14000468
http://www.wikidata.org/entity/Q750582,Point(-3.117 53.208),W07000043
http://www.wikidata.org/entity/Q750643,Point(-1.4 53.03),E14000533
http://www.wikidata.org/entity/Q750661,Point(-4.363 53.265),W07000041
http://www.wikidata.org/entity/Q750677,Point(-2.81 50.9),E14000529
http://www.wikidata.org/entity/Q750677,Point(-2.81 50.9),E14001060
http://www.wikidata.org/entity/Q750690,Point(-2.27 53.41),E14000528
http://www.wikidata.org/entity/Q750690,Point(-2.27 53.41),E14001059
http://www.wikidata.org/entity/Q750781,Point(-2.25 52.4),E14000527
http://www.wikidata.org/entity/Q750781,Point(-2.25 52.4),E14001058
http://www.wikidata.org/entity/Q750810,Point(-2.772 53.903),E14001057
http://www.wikidata.org/entity/Q750841,Point(-0.8 51.6),E14000526
http://www.wikidata.org/entity/Q750841,Point(-0.8 51.6),E14001056
http://www.wikidata.org/entity/Q750870,Point(-2.94972 53.0761),W07000008
http://www.wikidata.org/entity/Q750870,Point(-2.94972 53.0761),W07000044
http://www.wikidata.org/entity/Q750906,Point(-0.329 51.828),E14000525
http://www.wikidata.org/entity/Q750906,Point(-0.329 51.828),E14001055
http://www.wikidata.org/entity/Q750956,Point(-2.921 56.797),S14000004
http://www.wikidata.org/entity/Q750994,Point(-5.349 55.933),S14000005
http://www.wikidata.org/entity/Q751016,Point(-0.559 51.856),E14000534
http://www.wikidata.org/entity/Q751043,Point(-1.27 53.12),E14000535
http://www.wikidata.org/entity/Q751068,Point(0.8 51.1),E14000536
http://www.wikidata.org/entity/Q751233,Point(-2.1 53.48),E14000537
http://www.wikidata.org/entity/Q751262,Point(-0.817 51.816),E14000538
http://www.wikidata.org/entity/Q751285,Point(-4.618 55.301),S14000006
http://www.wikidata.org/entity/Q751381,Point(-0.224 51.454),E14000357
http://www.wikidata.org/entity/Q751381,Point(-0.224 51.454),E14000887
http://www.wikidata.org/entity/Q751466,Point(-0.44 51.54),E14001007
http://www.wikidata.org/entity/Q767602,Point(-3.159 53.3801),E14000514
http://www.wikidata.org/entity/Q767602,Point(-3.159 53.3801),E14001044
http://www.wikidata.org/entity/Q873520,Point(-3.40722 53.2575),W07000005
http://www.wikidata.org/entity/Q873520,Point(-3.40722 53.2575),W07000060
http://www.wikidata.org/entity/Q873604,Point(-3.351 51.429),W07000078
http://www.wikidata.org/entity/Q873637,Point(-0.119 51.482),E14000476
http://www.wikidata.org/entity/Q873637,Point(-0.119 51.482),E14001008
http://www.wikidata.org/entity/Q873975,Point(-2.386 53.5096),E14001054
http://www.wikidata.org/entity/Q873994,Point(-3.549 54.643),E14000523
http://www.wikidata.org/entity/Q873994,Point(-3.549 54.643),E14001053
http://www.wikidata.org/entity/Q874041,Point(-2.17 52.59),E14000520
http://www.wikidata.org/entity/Q874041,Point(-2.17 52.59),E14001051
http://www.wikidata.org/entity/Q874069,Point(-2.1 52.56),E14000519
http://www.wikidata.org/entity/Q874069,Point(-2.1 52.56),E14001050
http://www.wikidata.org/entity/Q874095,Point(-2.11 52.61),E14000518
http://www.wikidata.org/entity/Q874095,Point(-2.11 52.61),E14001049
http://www.wikidata.org/entity/Q1077626,Point(-0.194 51.64),E14000636
http://www.wikidata.org/entity/Q1077631,Point(-2.914 53.767),E14000046
http://www.wikidata.org/entity/Q1077631,Point(-2.914 53.767),E14000573
http://www.wikidata.org/entity/Q1077750,Point(-0.412 51.46),E14000172
http://www.wikidata.org/entity/Q1077750,Point(-0.412 51.46),E14000701
http://www.wikidata.org/entity/Q1077754,Point(0.132 51.494),E14000166
http://www.wikidata.org/entity/Q1077754,Point(0.132 51.494),E14000696
http://www.wikidata.org/entity/Q1077764,Point(-0.175 50.834),E14000224
http://www.wikidata.org/entity/Q1077764,Point(-0.175 50.834),E14000755
http://www.wikidata.org/entity/Q1077778,Point(-1.82 52.46),E14000041
http://www.wikidata.org/entity/Q1077778,Point(-1.82 52.46),E14000568
http://www.wikidata.org/entity/Q1077785,Point(-1.672 53.691),E14000135
http://www.wikidata.org/entity/Q1077785,Point(-1.672 53.691),E14000666
http://www.wikidata.org/entity/Q1077802,Point(-2.967 53.447),E14000265
http://www.wikidata.org/entity/Q1077802,Point(-2.967 53.447),E14000794
http://www.wikidata.org/entity/Q1077806,Point(-0.3236 51.4802),E14000067
http://www.wikidata.org/entity/Q1077806,Point(-0.3236 51.4802),E14000593
http://www.wikidata.org/entity/Q1077816,Point(-1.133 53.492),E14000138
http://www.wikidata.org/entity/Q1077816,Point(-1.133 53.492),E14000667
http://www.wikidata.org/entity/Q1077825,Point(-1.838 53.896),E14000235
http://www.wikidata.org/entity/Q1077825,Point(-1.838 53.896),E14000766
http://www.wikidata.org/entity/Q1080287,Point(-1.9 52.45),E14000032
http://www.wikidata.org/entity/Q1080287,Point(-1.9 52.45),E14000560
http://www.wikidata.org/entity/Q1080299,Point(-2.891 53.439),E14000267
http://www.wikidata.org/entity/Q1080299,Point(-2.891 53.439),E14000796
http://www.wikidata.org/entity/Q1080320,Point(-1.861 53.62),E14000113
http://www.wikidata.org/entity/Q1080320,Point(-1.861 53.62),E14000645
http://www.wikidata.org/entity/Q1080330,Point(-1.05 51.65),E14000211
http://www.wikidata.org/entity/Q1080330,Point(-1.05 51.65),E14000742
http://www.wikidata.org/entity/Q1080341,Point(-2.989 53.446),E14000054
http://www.wikidata.org/entity/Q1080341,Point(-2.989 53.446),E14000581
http://www.wikidata.org/entity/Q1080350,Point(-1.084 51.262),E14000017
http://www.wikidata.org/entity/Q1080350,Point(-1.084 51.262),E14000545
http://www.wikidata.org/entity/Q1080358,Point(-1.87 52.51),E14000033
http://www.wikidata.org/entity/Q1080358,Point(-1.87 52.51),E14000561
http://www.wikidata.org/entity/Q1080368,Point(-2.676 53.524),E14000276
http://www.wikidata.org/entity/Q1080368,Point(-2.676 53.524),E14000805
http://www.wikidata.org/entity/Q1080378,Point(-1.84 52.43),E14000034
http://www.wikidata.org/entity/Q1080378,Point(-1.84 52.43),E14000562
http://www.wikidata.org/entity/Q1080403,Point(-1.82 52.5),E14000035
http://www.wikidata.org/entity/Q1080403,Point(-1.82 52.5),E14000563
http://www.wikidata.org/entity/Q1080413,Point(-3.01 53.36),E14000031
http://www.wikidata.org/entity/Q1080413,Point(-3.01 53.36),E14000559
http://www.wikidata.org/entity/Q1080424,Point(-2.5 53.5),E14000254
http://www.wikidata.org/entity/Q1080424,Point(-2.5 53.5),E14000785
http://www.wikidata.org/entity/Q1080435,Point(-0.411 53.747),E14000241
http://www.wikidata.org/entity/Q1080435,Point(-0.411 53.747),E14000773
http://www.wikidata.org/entity/Q1080445,Point(-0.08 53.56),E14000185
http://www.wikidata.org/entity/Q1080445,Point(-0.08 53.56),E14000716
http://www.wikidata.org/entity/Q1080484,Point(-2.249 51.867),E14000181
http://www.wikidata.org/entity/Q1080484,Point(-2.249 51.867),E14000712
http://www.wikidata.org/entity/Q1080493,Point(0.55 51.2),E14000275
http://www.wikidata.org/entity/Q1080493,Point(0.55 51.2),E14000804
http://www.wikidata.org/entity/Q1080502,Point(-1.995 51.352),E14000134
http://www.wikidata.org/entity/Q1080502,Point(-1.995 51.352),E14000665
http://www.wikidata.org/entity/Q1080625,Point(-1.913 50.717),E14000058
http://www.wikidata.org/entity/Q1080625,Point(-1.913 50.717),E14000585
http://www.wikidata.org/entity/Q1080634,Point(-1.803 50.725),E14000057
http://www.wikidata.org/entity/Q1080634,Point(-1.803 50.725),E14000584
http://www.wikidata.org/entity/Q1087870,Point(-0.552 51.246),E14000188
http://www.wikidata.org/entity/Q1087870,Point(-0.552 51.246),E14000719
http://www.wikidata.org/entity/Q1113086,Point(-0.06 51.54),E14000190
http://www.wikidata.org/entity/Q1113086,Point(-0.06 51.54),E14000721
http://www.wikidata.org/entity/Q1113118,Point(0.062 51.456),E14000160
http://www.wikidata.org/entity/Q1113118,Point(0.062 51.456),E14000690
http://www.wikidata.org/entity/Q1113129,Point(0.045 51.3984),E14000077
http://www.wikidata.org/entity/Q1113129,Point(0.045 51.3984),E14000604
http://www.wikidata.org/entity/Q1113142,Point(0.013 51.571),E14000260
http://www.wikidata.org/entity/Q1113142,Point(0.013 51.571),E14000790
http://www.wikidata.org/entity/Q1117254,Point(-0.435 51.493),E14000206
http://www.wikidata.org/entity/Q1117254,Point(-0.435 51.493),E14000737
http://www.wikidata.org/entity/Q1237015,Point(0.7 51.72),E14000277
http://www.wikidata.org/entity/Q2403157,Point(-2.75 51.4),E14000521
http://www.wikidata.org/entity/Q3043035,Point(-1.4 52.95),E14000814
http://www.wikidata.org/entity/Q3133785,Point(-2.451 57.472),S14000007
http://www.wikidata.org/entity/Q3133809,Point(0.11 51.53),E14000011
http://www.wikidata.org/entity/Q3133809,Point(0.11 51.53),E14000540
http://www.wikidata.org/entity/Q3133832,Point(-1.38 53.54),E14000542
http://www.wikidata.org/entity/Q3133856,Point(0.44 51.6),E14000544
http://www.wikidata.org/entity/Q1070099,Point(-0.1353 50.8289),E14000072
http://www.wikidata.org/entity/Q1070099,Point(-0.1353 50.8289),E14000598
http://www.wikidata.org/entity/Q1070108,Point(-1.055 53.577),E14000137
http://www.wikidata.org/entity/Q1070108,Point(-1.055 53.577),E14000669
http://www.wikidata.org/entity/Q1070116,Point(-3.517 55.894),S14000044
http://www.wikidata.org/entity/Q1070130,Point(-4.2964 55.5936),S14000040
http://www.wikidata.org/entity/Q1070140,Point(-0.988 52.0),E14000081
http://www.wikidata.org/entity/Q1070140,Point(-0.988 52.0),E14000608
http://www.wikidata.org/entity/Q1070148,Point(-2.53 51.45),E14000073
http://www.wikidata.org/entity/Q1070148,Point(-2.53 51.45),E14000599
http://www.wikidata.org/entity/Q1070328,Point(0.018 50.876),E14000256
http://www.wikidata.org/entity/Q1070328,Point(0.018 50.876),E14000786
http://www.wikidata.org/entity/Q1072621,Point(0.9 52.25),E14000086
http://www.wikidata.org/entity/Q1072621,Point(0.9 52.25),E14000613
http://www.wikidata.org/entity/Q1072626,Point(-1.9167 55.55),E14000025
http://www.wikidata.org/entity/Q1072626,Point(-1.9167 55.55),E14000554
http://www.wikidata.org/entity/Q1072632,Point(-0.383 52.027),E14000285
http://www.wikidata.org/entity/Q1072632,Point(-0.383 52.027),E14000813
http://www.wikidata.org/entity/Q1072635,Point(-0.2667 51.6667),E14000214
http://www.wikidata.org/entity/Q1072635,Point(-0.2667 51.6667),E14000745
http://www.wikidata.org/entity/Q1072645,Point(1.16 52.06),E14000230
http://www.wikidata.org/entity/Q1072645,Point(1.16 52.06),E14000761
http://www.wikidata.org/entity/Q1072667,Point(-1.677 54.657),E14000042
http://www.wikidata.org/entity/Q1072667,Point(-1.677 54.657),E14000569
http://www.wikidata.org/entity/Q1072676,Point(-0.21 51.83),E14000218
http://www.wikidata.org/entity/Q1072676,Point(-0.21 51.83),E14000749
http://www.wikidata.org/entity/Q1072690,Point(0.131 52.203),E14000089
http://www.wikidata.org/entity/Q1072690,Point(0.131 52.203),E14000617
http://www.wikidata.org/entity/Q1072698,Point(-2.6083 51.463),E14000076
http://www.wikidata.org/entity/Q1072698,Point(-2.6083 51.463),E14000602
http://www.wikidata.org/entity/Q1072703,Point(-2.101 54.971),E14000215
http://www.wikidata.org/entity/Q1072703,Point(-2.101 54.971),E14000746
http://www.wikidata.org/entity/Q1072710,Point(-1.2667 54.65),E14000202
http://www.wikidata.org/entity/Q1072710,Point(-1.2667 54.65),E14000733
http://www.wikidata.org/entity/Q1072715,Point(0.55 51.9),E14000063
http://www.wikidata.org/entity/Q1072715,Point(0.55 51.9),E14000590
http://www.wikidata.org/entity/Q1072775,Point(-1.45 54.977),E14000234
http://www.wikidata.org/entity/Q1072775,Point(-1.45 54.977),E14000765
http://www.wikidata.org/entity/Q1072792,Point(-1.523 55.127),E14000048
http://www.wikidata.org/entity/Q1072792,Point(-1.523 55.127),E14000575
http://www.wikidata.org/entity/Q1072896,Point(-1.553 54.529),E14000128
http://www.wikidata.org/entity/Q1072896,Point(-1.553 54.529),E14000658
http://www.wikidata.org/entity/Q1075417,Point(-1.79 53.8),E14000062
http://www.wikidata.org/entity/Q1075417,Point(-1.79 53.8),E14000589
http://www.wikidata.org/entity/Q1075422,Point(-1.47 52.43),E14000118
http://www.wikidata.org/entity/Q1075422,Point(-1.47 52.43),E14000649
http://www.wikidata.org/entity/Q1075428,Point(-1.576 53.798),E14000250
http://www.wikidata.org/entity/Q1075428,Point(-1.576 53.798),E14000781
http://www.wikidata.org/entity/Q1075433,Point(-1.8833 53.7167),E14000192
http://www.wikidata.org/entity/Q1075433,Point(-1.8833 53.7167),E14000723
http://www.wikidata.org/entity/Q1075440,Point(-2.3603 51.3809),E14000019
http://www.wikidata.org/entity/Q1075440,Point(-2.3603 51.3809),E14000547
http://www.wikidata.org/entity/Q874123,Point(-0.18 51.525),E14001036
http://www.wikidata.org/entity/Q874173,Point(-0.6 51.3),E14000516
http://www.wikidata.org/entity/Q874173,Point(-0.6 51.3),E14001047
http://www.wikidata.org/entity/Q874194,Point(-1.5 51.8),E14000515
http://www.wikidata.org/entity/Q874194,Point(-1.5 51.8),E14001046
http://www.wikidata.org/entity/Q874215,Point(0.65 51.8),E14001045
http://www.wikidata.org/entity/Q874256,Point(-3.0334 53.3342),E14000513
http://www.wikidata.org/entity/Q874256,Point(-3.0334 53.3342),E14001043
http://www.wikidata.org/entity/Q874300,Point(-1.317 51.063),E14000511
http://www.wikidata.org/entity/Q874300,Point(-1.317 51.063),E14001041
http://www.wikidata.org/entity/Q874319,Point(-0.218 51.417),E14000510
http://www.wikidata.org/entity/Q874319,Point(-0.218 51.417),E14001040
http://www.wikidata.org/entity/Q874340,Point(-2.64 53.54),E14000509
http://www.wikidata.org/entity/Q874340,Point(-2.64 53.54),E14001039
http://www.wikidata.org/entity/Q874372,Point(-2.88 54.312),E14000507
http://www.wikidata.org/entity/Q874372,Point(-2.88 54.312),E14001037
http://www.wikidata.org/entity/Q874393,Point(-2.3 52.15),E14000505
http://www.wikidata.org/entity/Q874393,Point(-2.3 52.15),E14001035
http://www.wikidata.org/entity/Q874435,Point(-2.818 53.56),E14000503
http://www.wikidata.org/entity/Q874435,Point(-2.818 53.56),E14001033
http://www.wikidata.org/entity/Q874463,Point(0.013 51.54),E14000502
http://www.wikidata.org/entity/Q874463,Point(0.013 51.54),E14001032
http://www.wikidata.org/entity/Q874488,Point(-1.499 53.683),E14000477
http://www.wikidata.org/entity/Q874488,Point(-1.499 53.683),E14001009
http://www.wikidata.org/entity/Q874525,Point(-4.211 55.976),S14000018
http://www.wikidata.org/entity/Q874545,Point(-2.598 50.7889),E14000501
http://www.wikidata.org/entity/Q874545,Point(-2.598 50.7889),E14001031
http://www.wikidata.org/entity/Q874568,Point(-2.05 52.53),E14000498
http://www.wikidata.org/entity/Q874568,Point(-2.05 52.53),E14001030
http://www.wikidata.org/entity/Q874585,Point(-1.98 52.54),E14000497
http://www.wikidata.org/entity/Q874585,Point(-1.98 52.54),E14001029
http://www.wikidata.org/entity/Q874607,Point(-3.29 57.25),S14000058
http://www.wikidata.org/entity/Q874623,Point(-1.41 53.509),E14001028
http://www.wikidata.org/entity/Q874643,Point(-0.1944 51.7694),E14000495
http://www.wikidata.org/entity/Q874643,Point(-0.1944 51.7694),E14001027
http://www.wikidata.org/entity/Q874686,Point(-0.7 52.3),E14000493
http://www.wikidata.org/entity/Q874686,Point(-0.7 52.3),E14001025
http://www.wikidata.org/entity/Q874700,Point(-2.531 53.26),E14000492
http://www.wikidata.org/entity/Q874700,Point(-2.531 53.26),E14001024
http://www.wikidata.org/entity/Q874714,Point(0.212 50.999),E14000491
http://www.wikidata.org/entity/Q874714,Point(0.212 50.999),E14001023
http://www.wikidata.org/entity/Q874871,Point(1.5 52.4),E14000490
http://www.wikidata.org/entity/Q874871,Point(1.5 52.4),E14001022
http://www.wikidata.org/entity/Q874921,Point(-1.499 54.891),E14001020
http://www.wikidata.org/entity/Q874946,Point(-1.6 52.3),E14000488
http://www.wikidata.org/entity/Q874946,Point(-1.6 52.3),E14001019
http://www.wikidata.org/entity/Q874959,Point(-2.55 53.3667),E14000487
http://www.wikidata.org/entity/Q874959,Point(-2.55 53.3667),E14001018
http://www.wikidata.org/entity/Q874974,Point(-2.5667 53.4),E14000486
http://www.wikidata.org/entity/Q874974,Point(-2.5667 53.4),E14001017
http://www.wikidata.org/entity/Q874986,Point(-1.99 52.48),E14000485
http://www.wikidata.org/entity/Q874986,Point(-1.99 52.48),E14001016
http://www.wikidata.org/entity/Q875011,Point(-1.43 51.6),E14000484
http://www.wikidata.org/entity/Q875011,Point(-1.43 51.6),E14001015
http://www.wikidata.org/entity/Q875087,Point(-1.98 52.57),E14000480
http://www.wikidata.org/entity/Q875087,Point(-1.98 52.57),E14001012
http://www.wikidata.org/entity/Q875108,Point(-2.01 52.61),E14000479
http://www.wikidata.org/entity/Q875108,Point(-2.01 52.61),E14001011
http://www.wikidata.org/entity/Q875135,Point(-3.0742 53.4184),E14000478
http://www.wikidata.org/entity/Q875135,Point(-3.0742 53.4184),E14001010
http://www.wikidata.org/entity/Q875175,Point(-1.418 55.033),E14000472
http://www.wikidata.org/entity/Q875175,Point(-1.418 55.033),E14001006
http://www.wikidata.org/entity/Q875210,Point(-0.345 51.428),E14000470
http://www.wikidata.org/entity/Q875210,Point(-0.345 51.428),E14001005
http://www.wikidata.org/entity/Q875225,Point(0.3333 51.1167),E14000469
http://www.wikidata.org/entity/Q875225,Point(0.3333 51.1167),E14001004
http://www.wikidata.org/entity/Q875246,Point(-5.016 50.197),E14001003
http://www.wikidata.org/entity/Q875359,Point(-4.263 50.715),E14000465
http://www.wikidata.org/entity/Q875359,Point(-4.263 50.715),E14001000
http://www.wikidata.org/entity/Q875403,Point(-0.125 51.439),E14000444
http://www.wikidata.org/entity/Q875403,Point(-0.125 51.439),E14000978
http://www.wikidata.org/entity/Q875434,Point(-3.063 51.696),W07000037
http://www.wikidata.org/entity/Q875434,Point(-3.063 51.696),W07000053
http://www.wikidata.org/entity/Q875454,Point(-3.538 50.46),E14000464
http://www.wikidata.org/entity/Q875454,Point(-3.538 50.46),E14000999
http://www.wikidata.org/entity/Q875474,Point(-0.165 51.438),E14000463
http://www.wikidata.org/entity/Q875474,Point(-0.165 51.438),E14000998
http://www.wikidata.org/entity/Q875493,Point(0.3333 51.2333),E14000462
http://www.wikidata.org/entity/Q875493,Point(0.3333 51.2333),E14000997
http://www.wikidata.org/entity/Q974748,Point(-1.57 54.99),E14000832
http://www.wikidata.org/entity/Q987857,Point(-3.349 50.827),E14000461
http://www.wikidata.org/entity/Q987857,Point(-3.349 50.827),E14000996
http://www.wikidata.org/entity/Q987872,Point(0.32 51.48),E14000460
http://www.wikidata.org/entity/Q1053415,Point(-3.1078 55.8217),S14000045
http://www.wikidata.org/entity/Q1053429,Point(-1.139 54.54),E14000291
http://www.wikidata.org/entity/Q1053429,Point(-1.139 54.54),E14000820
http://www.wikidata.org/entity/Q1053452,Point(-2.05 52.15),E14000289
http://www.wikidata.org/entity/Q1053452,Point(-2.05 52.15),E14000818
http://www.wikidata.org/entity/Q1053572,Point(-2.0693 50.7004),E14000286
http://www.wikidata.org/entity/Q1053572,Point(-2.0693 50.7004),E14000815
http://www.wikidata.org/entity/Q1070045,Point(-3.3328 55.9525),S14000026
http://www.wikidata.org/entity/Q1070050,Point(-1.87 52.49),E14000036
http://www.wikidata.org/entity/Q1070050,Point(-1.87 52.49),E14000564
http://www.wikidata.org/entity/Q1070055,Point(1.05 51.3),E14000091
http://www.wikidata.org/entity/Q1070055,Point(1.05 51.3),E14000619
http://www.wikidata.org/entity/Q1070064,Point(-2.451 53.577),E14000053
http://www.wikidata.org/entity/Q1070064,Point(-2.451 53.577),E14000580
http://www.wikidata.org/entity/Q1070072,Point(-2.24 53.469),E14000279
http://www.wikidata.org/entity/Q1070072,Point(-2.24 53.469),E14000807
http://www.wikidata.org/entity/Q1070093,Point(-3.1586 55.9139),S14000024
http://www.wikidata.org/entity/Q987872,Point(0.32 51.48),E14000995
http://www.wikidata.org/entity/Q987884,Point(-2.477 51.573),E14000994
http://www.wikidata.org/entity/Q987915,Point(-2.454 52.716),E14000459
http://www.wikidata.org/entity/Q987915,Point(-2.454 52.716),E14000992
http://www.wikidata.org/entity/Q987938,Point(-1.769 51.756),E14000991
http://www.wikidata.org/entity/Q987980,Point(-2.449 52.678),E14000457
http://www.wikidata.org/entity/Q987980,Point(-2.449 52.678),E14000989
http://www.wikidata.org/entity/Q988001,Point(-3.17 51.0),E14000988
http://www.wikidata.org/entity/Q988027,Point(-2.384 53.312),E14000454
http://www.wikidata.org/entity/Q988027,Point(-2.384 53.312),E14000987
http://www.wikidata.org/entity/Q988068,Point(-3.98639 51.6183),W07000019
http://www.wikidata.org/entity/Q988068,Point(-3.98639 51.6183),W07000047
http://www.wikidata.org/entity/Q988081,Point(-3.91944 51.6503),W07000020
http://www.wikidata.org/entity/Q988081,Point(-3.91944 51.6503),W07000048
http://www.wikidata.org/entity/Q988127,Point(-1.81 52.56),E14000452
http://www.wikidata.org/entity/Q988127,Point(-1.81 52.56),E14000985
http://www.wikidata.org/entity/Q988153,Point(-0.209 51.362),E14000451
http://www.wikidata.org/entity/Q988153,Point(-0.209 51.362),E14000984
http://www.wikidata.org/entity/Q988166,Point(-0.7 51.35),E14000450
http://www.wikidata.org/entity/Q988166,Point(-0.7 51.35),E14000983
http://www.wikidata.org/entity/Q988171,Point(-1.381 54.904),E14000982
http://www.wikidata.org/entity/Q988194,Point(1.5 52.15),E14000447
http://www.wikidata.org/entity/Q988194,Point(1.5 52.15),E14000981
http://www.wikidata.org/entity/Q988211,Point(-2.28 51.74),E14000446
http://www.wikidata.org/entity/Q988211,Point(-2.28 51.74),E14000980
http://www.wikidata.org/entity/Q988219,Point(-2.33 53.45),E14000445
http://www.wikidata.org/entity/Q988219,Point(-2.33 53.45),E14000979
http://www.wikidata.org/entity/Q988231,Point(-2.13 52.45),E14000442
http://www.wikidata.org/entity/Q988231,Point(-2.13 52.45),E14000976
http://www.wikidata.org/entity/Q988262,Point(-2.15 52.9833),E14000440
http://www.wikidata.org/entity/Q988262,Point(-2.15 52.9833),E14000974
http://www.wikidata.org/entity/Q988278,Point(-2.2 53.05),E14000439
http://www.wikidata.org/entity/Q988278,Point(-2.2 53.05),E14000973
http://www.wikidata.org/entity/Q988288,Point(-2.1833 53.0167),E14000438
http://www.wikidata.org/entity/Q988288,Point(-2.1833 53.0167),E14000972
http://www.wikidata.org/entity/Q988304,Point(-1.322 54.523),E14000971
http://www.wikidata.org/entity/Q988335,Point(-1.312 54.597),E14000436
http://www.wikidata.org/entity/Q988335,Point(-1.312 54.597),E14000970
http://www.wikidata.org/entity/Q988375,Point(-4.082 56.119),S14000057
http://www.wikidata.org/entity/Q988387,Point(-0.1667 51.8833),E14000434
http://www.wikidata.org/entity/Q988387,Point(-0.1667 51.8833),E14000968
http://www.wikidata.org/entity/Q988399,Point(-2.06 53.46),E14000433
http://www.wikidata.org/entity/Q988399,Point(-2.06 53.46),E14000967
http://www.wikidata.org/entity/Q988407,Point(-1.9833 53.0667),E14000432
http://www.wikidata.org/entity/Q988407,Point(-1.9833 53.0667),E14000966
http://www.wikidata.org/entity/Q988454,Point(-2.731 53.448),E14000963
http://www.wikidata.org/entity/Q988477,Point(-1.465 50.986),E14000901
http://www.wikidata.org/entity/Q988495,Point(-0.45 51.6),E14000906
http://www.wikidata.org/entity/Q988509,Point(-0.53 51.388),E14000377
http://www.wikidata.org/entity/Q988509,Point(-0.53 51.388),E14000907
http://www.wikidata.org/entity/Q988533,Point(-2.714 53.486),E14000383
http://www.wikidata.org/entity/Q988533,Point(-2.714 53.486),E14000962
http://www.wikidata.org/entity/Q988556,Point(-4.926 50.375),E14000961
http://www.wikidata.org/entity/Q988569,Point(-0.337 51.74),E14000382
http://www.wikidata.org/entity/Q988569,Point(-0.337 51.74),E14000960
http://www.wikidata.org/entity/Q988587,Point(-2.4541 50.5666),E14000410
http://www.wikidata.org/entity/Q988587,Point(-2.4541 50.5666),E14000936
http://www.wikidata.org/entity/Q988595,Point(-0.46 51.42),E14000430
http://www.wikidata.org/entity/Q988595,Point(-0.46 51.42),E14000959
http://www.wikidata.org/entity/Q7860478,Point(-1.606 54.968),E14000471
http://www.wikidata.org/entity/Q7898389,Point(0.264 51.573),E14000473
http://www.wikidata.org/entity/Q7904008,Point(-0.463 51.539),E14000474
http://www.wikidata.org/entity/Q7909565,Point(-1.19 54.098),E14000475
http://www.wikidata.org/entity/Q7968078,Point(-2.5 51.3333),E14000483
http://www.wikidata.org/entity/Q7983001,Point(-1.375 53.475),E14000496
http://www.wikidata.org/entity/Q7984705,Point(0.44 51.76),E14000499
http://www.wikidata.org/entity/Q3133894,Point(-1.635 53.717),E14000020
http://www.wikidata.org/entity/Q3133894,Point(-1.635 53.717),E14000548
http://www.wikidata.org/entity/Q3133916,Point(-0.17 51.46),E14000021
http://www.wikidata.org/entity/Q3133916,Point(-0.17 51.46),E14000549
http://www.wikidata.org/entity/Q3133970,Point(-0.07 51.49),E14000553
http://www.wikidata.org/entity/Q3134016,Point(-2.411 55.776),S14000008
http://www.wikidata.org/entity/Q3134130,Point(-0.05 51.53),E14000026
http://www.wikidata.org/entity/Q3134130,Point(-0.05 51.53),E14000555
http://www.wikidata.org/entity/Q3134150,Point(-0.156 53.8),E14000027
http://www.wikidata.org/entity/Q3134150,Point(-0.156 53.8),E14000556
http://www.wikidata.org/entity/Q3134165,Point(0.47 50.886),E14000028
http://www.wikidata.org/entity/Q3134165,Point(0.47 50.886),E14000557
http://www.wikidata.org/entity/Q3134218,Point(-1.7167 54.95),E14000047
http://www.wikidata.org/entity/Q3134218,Point(-1.7167 54.95),E14000574
http://www.wikidata.org/entity/Q3136714,Point(-1.98 52.4),E14000037
http://www.wikidata.org/entity/Q3136714,Point(-1.98 52.4),E14000565
http://www.wikidata.org/entity/Q3136734,Point(-1.9042 52.5249),E14000038
http://www.wikidata.org/entity/Q3136734,Point(-1.9042 52.5249),E14000566
http://www.wikidata.org/entity/Q3136751,Point(-1.94 52.43),E14000039
http://www.wikidata.org/entity/Q3136751,Point(-1.94 52.43),E14000567
http://www.wikidata.org/entity/Q3137325,Point(-2.202 53.51),E14000571
http://www.wikidata.org/entity/Q3137610,Point(-2.914 53.863),E14000572
http://www.wikidata.org/entity/Q3137641,Point(-3.195 51.777),W07000038
http://www.wikidata.org/entity/Q3137641,Point(-3.195 51.777),W07000072
http://www.wikidata.org/entity/Q3137665,Point(-0.599 50.799),E14000049
http://www.wikidata.org/entity/Q3137665,Point(-0.599 50.799),E14000576
http://www.wikidata.org/entity/Q3137680,Point(-1.3 53.23),E14000050
http://www.wikidata.org/entity/Q3137680,Point(-1.3 53.23),E14000577
http://www.wikidata.org/entity/Q3137707,Point(-2.41 53.587),E14000051
http://www.wikidata.org/entity/Q3137707,Point(-2.41 53.587),E14000578
http://www.wikidata.org/entity/Q3137734,Point(-2.4 53.566),E14000052
http://www.wikidata.org/entity/Q3137734,Point(-2.4 53.566),E14000579
http://www.wikidata.org/entity/Q3137757,Point(0.02 53.0),E14000055
http://www.wikidata.org/entity/Q3137757,Point(0.02 53.0),E14000582
http://www.wikidata.org/entity/Q3137771,Point(-1.4 52.6),E14000056
http://www.wikidata.org/entity/Q3137771,Point(-1.4 52.6),E14000583
http://www.wikidata.org/entity/Q3137794,Point(-0.75 51.42),E14000059
http://www.wikidata.org/entity/Q3137794,Point(-0.75 51.42),E14000586
http://www.wikidata.org/entity/Q3137808,Point(-1.74 53.8),E14000587
http://www.wikidata.org/entity/Q3137827,Point(-1.7667 53.7667),E14000061
http://www.wikidata.org/entity/Q3137827,Point(-1.7667 53.7667),E14000588
http://www.wikidata.org/entity/Q3137848,Point(-0.25 51.55),E14000591
http://www.wikidata.org/entity/Q3137868,Point(0.23 51.68),E14000068
http://www.wikidata.org/entity/Q3137868,Point(0.23 51.68),E14000594
http://www.wikidata.org/entity/Q3137895,Point(-3.31 51.13),E14000595
http://www.wikidata.org/entity/Q3137917,Point(-0.8 53.55),E14000070
http://www.wikidata.org/entity/Q3137917,Point(-0.8 53.55),E14000596
http://www.wikidata.org/entity/Q3137937,Point(-0.035 50.824),E14000071
http://www.wikidata.org/entity/Q3137937,Point(-0.035 50.824),E14000597
http://www.wikidata.org/entity/Q3137955,Point(-2.6178 51.5029),E14000600
http://www.wikidata.org/entity/Q3137980,Point(1.16 52.72),E14000603
http://www.wikidata.org/entity/Q3138076,Point(-4.22583 51.7206),W07000017
http://www.wikidata.org/entity/Q3138076,Point(-4.22583 51.7206),W07000045
http://www.wikidata.org/entity/Q3138122,Point(-1.6 53.85),E14000249
http://www.wikidata.org/entity/Q3138122,Point(-1.6 53.85),E14000780
http://www.wikidata.org/entity/Q3138167,Point(-0.291 51.377),E14000238
http://www.wikidata.org/entity/Q3138167,Point(-0.291 51.377),E14000770
http://www.wikidata.org/entity/Q3138197,Point(-0.106 51.538),E14000233
http://www.wikidata.org/entity/Q3138197,Point(-0.106 51.538),E14000764
http://www.wikidata.org/entity/Q3138221,Point(-1.4417 54.8583),E14000754
http://www.wikidata.org/entity/Q3138259,Point(-2.05 52.45),E14000191
http://www.wikidata.org/entity/Q3138259,Point(-2.05 52.45),E14000722
http://www.wikidata.org/entity/Q3138286,Point(-0.07 51.56),E14000720
http://www.wikidata.org/entity/Q3138317,Point(-2.538 51.517),E14000702
http://www.wikidata.org/entity/Q3138335,Point(0.8 51.25),E14000171
http://www.wikidata.org/entity/Q3138335,Point(0.8 51.25),E14000700
http://www.wikidata.org/entity/Q3138391,Point(-0.37 51.35),E14000167
http://www.wikidata.org/entity/Q3138391,Point(-0.37 51.35),E14000697
http://www.wikidata.org/entity/Q3138417,Point(-3.3089 55.8833),S14000025
http://www.wikidata.org/entity/Q3138439,Point(-3.1997 55.9692),S14000023
http://www.wikidata.org/entity/Q3138472,Point(-2.7264 55.9475),S14000020
http://www.wikidata.org/entity/Q3138501,Point(-1.122 53.511),E14000136
http://www.wikidata.org/entity/Q3138501,Point(-1.122 53.511),E14000668
http://www.wikidata.org/entity/Q3138528,Point(-1.65 53.15),E14000664
http://www.wikidata.org/entity/Q3138553,Point(0.25 51.4167),E14000129
http://www.wikidata.org/entity/Q3138553,Point(0.25 51.4167),E14000659
http://www.wikidata.org/entity/Q3138569,Point(0.17 51.53),E14000657
http://www.wikidata.org/entity/Q3138595,Point(-4.06 55.885),S14000011
http://www.wikidata.org/entity/Q3138645,Point(-3.15 51.504),W07000031
http://www.wikidata.org/entity/Q3138645,Point(-3.15 51.504),W07000050
http://www.wikidata.org/entity/Q3138658,Point(-2.0 52.7),E14000090
http://www.wikidata.org/entity/Q3138658,Point(-2.0 52.7),E14000618
http://www.wikidata.org/entity/Q3231554,Point(-2.1 52.4),E14000078
http://www.wikidata.org/entity/Q3231554,Point(-2.1 52.4),E14000605
http://www.wikidata.org/entity/Q3231585,Point(-0.0667 51.7278),E14000079
http://www.wikidata.org/entity/Q3231585,Point(-0.0667 51.7278),E14000606
http://www.wikidata.org/entity/Q3231619,Point(-1.25 52.9),E14000080
http://www.wikidata.org/entity/Q3231619,Point(-1.25 52.9),E14000607
http://www.wikidata.org/entity/Q3231676,Point(-0.098 51.331),E14000126
http://www.wikidata.org/entity/Q3231676,Point(-0.098 51.331),E14000656
http://www.wikidata.org/entity/Q3231723,Point(-4.038 55.957),S14000012
http://www.wikidata.org/entity/Q3231747,Point(-2.1598 53.4378),E14000131
http://www.wikidata.org/entity/Q3231747,Point(-2.1598 53.4378),E14000661
http://www.wikidata.org/entity/Q3231812,Point(-1.49 52.95),E14000132
http://www.wikidata.org/entity/Q3231812,Point(-1.49 52.95),E14000662
http://www.wikidata.org/entity/Q3231892,Point(-3.983 52.849),W07000061
http://www.wikidata.org/entity/Q3231914,Point(-0.28 51.51),E14000674
http://www.wikidata.org/entity/Q3235145,Point(-2.245 53.787),E14000082
http://www.wikidata.org/entity/Q3235145,Point(-2.245 53.787),E14000609
http://www.wikidata.org/entity/Q3235146,Point(-1.83 52.87),E14000083
http://www.wikidata.org/entity/Q3235146,Point(-1.83 52.87),E14000610
http://www.wikidata.org/entity/Q3235346,Point(-0.13 51.51),E14000107
http://www.wikidata.org/entity/Q3235346,Point(-0.13 51.51),E14000639
http://www.wikidata.org/entity/Q3238753,Point(-2.299 53.607),E14000084
http://www.wikidata.org/entity/Q3238753,Point(-2.299 53.607),E14000611
http://www.wikidata.org/entity/Q3238774,Point(-2.299 53.58),E14000085
http://www.wikidata.org/entity/Q3238774,Point(-2.299 53.58),E14000612
http://www.wikidata.org/entity/Q3238808,Point(-3.218 51.579),W07000035
http://www.wikidata.org/entity/Q3238808,Point(-3.218 51.579),W07000076
http://www.wikidata.org/entity/Q3238840,Point(-3.779 58.277),S14000009
http://www.wikidata.org/entity/Q3238861,Point(-1.937 53.705),E14000087
http://www.wikidata.org/entity/Q3238861,Point(-1.937 53.705),E14000614
http://www.wikidata.org/entity/Q3238889,Point(-0.07 51.475),E14000088
http://www.wikidata.org/entity/Q3238889,Point(-0.07 51.475),E14000615
http://www.wikidata.org/entity/Q3238907,Point(-5.22 50.18),E14000616
http://www.wikidata.org/entity/Q3238926,Point(-3.127 51.469),W07000032
http://www.wikidata.org/entity/Q3238926,Point(-3.127 51.469),W07000080
http://www.wikidata.org/entity/Q3238943,Point(-3.214 51.486),W07000029
http://www.wikidata.org/entity/Q3238943,Point(-3.214 51.486),W07000079
http://www.wikidata.org/entity/Q3238953,Point(-2.937 54.879),E14000092
http://www.wikidata.org/entity/Q3238953,Point(-2.937 54.879),E14000620
http://www.wikidata.org/entity/Q3238966,Point(-0.15 51.36),E14000093
http://www.wikidata.org/entity/Q3238966,Point(-0.15 51.36),E14000621
http://www.wikidata.org/entity/Q3238981,Point(0.57 51.54),E14000094
http://www.wikidata.org/entity/Q3238981,Point(0.57 51.54),E14000622
http://www.wikidata.org/entity/Q3239015,Point(-3.9 50.7),E14000623
http://www.wikidata.org/entity/Q3239055,Point(1.15 52.2),E14000095
http://www.wikidata.org/entity/Q3239055,Point(1.15 52.2),E14000624
http://www.wikidata.org/entity/Q3239111,Point(0.4833 51.3333),E14000097
http://www.wikidata.org/entity/Q3239111,Point(0.4833 51.3333),E14000626
http://www.wikidata.org/entity/Q3239124,Point(-2.204 53.396),E14000098
http://www.wikidata.org/entity/Q3239124,Point(-2.204 53.396),E14000627
http://www.wikidata.org/entity/Q3239170,Point(-0.19 51.48),E14000629
http://www.wikidata.org/entity/Q3239188,Point(-2.078 51.89),E14000099
http://www.wikidata.org/entity/Q3239188,Point(-2.078 51.89),E14000630
http://www.wikidata.org/entity/Q3301627,Point(-2.87 53.358),E14000708
http://www.wikidata.org/entity/Q3301684,Point(-1.05 52.97),E14000179
http://www.wikidata.org/entity/Q3301684,Point(-1.05 52.97),E14000710
http://www.wikidata.org/entity/Q3301704,Point(0.5667 51.3667),E14000711
http://www.wikidata.org/entity/Q3301747,Point(-4.1469 55.8556),S14000030
http://www.wikidata.org/entity/Q3301764,Point(-4.2928 55.8942),S14000031
http://www.wikidata.org/entity/Q3301796,Point(-4.2158 55.8883),S14000032
http://www.wikidata.org/entity/Q3301821,Point(-4.3514 55.8911),S14000033
http://www.wikidata.org/entity/Q3301842,Point(-4.2722 55.8128),S14000034
http://www.wikidata.org/entity/Q3301862,Point(-4.3386 55.8336),S14000035
http://www.wikidata.org/entity/Q3301886,Point(-3.173 56.197),S14000036
http://www.wikidata.org/entity/Q3301906,Point(-3.178 56.969),S14000037
http://www.wikidata.org/entity/Q3301998,Point(-1.17 50.8),E14000182
http://www.wikidata.org/entity/Q3301998,Point(-1.17 50.8),E14000713
http://www.wikidata.org/entity/Q3302028,Point(-0.5 52.8),E14000183
http://www.wikidata.org/entity/Q3302028,Point(-0.5 52.8),E14000714
http://www.wikidata.org/entity/Q3302057,Point(0.3667 51.4),E14000184
http://www.wikidata.org/entity/Q3302057,Point(0.3667 51.4),E14000715
http://www.wikidata.org/entity/Q3302105,Point(1.15 51.83),E14000642
http://www.wikidata.org/entity/Q3302128,Point(-0.3 53.63),E14000111
http://www.wikidata.org/entity/Q3302128,Point(-0.3 53.63),E14000643
http://www.wikidata.org/entity/Q3302172,Point(-2.969 53.276),E14000158
http://www.wikidata.org/entity/Q3302172,Point(-2.969 53.276),E14000688
http://www.wikidata.org/entity/Q3302198,Point(-1.404 53.818),E14000689
http://www.wikidata.org/entity/Q3302232,Point(-2.7 52.0),E14000743
http://www.wikidata.org/entity/Q3302256,Point(0.0167 51.8167),E14000213
http://www.wikidata.org/entity/Q3302256,Point(0.0167 51.8167),E14000744
http://www.wikidata.org/entity/Q3302282,Point(-2.21 53.57),E14000216
http://www.wikidata.org/entity/Q3302282,Point(-2.21 53.57),E14000747
http://www.wikidata.org/entity/Q3302305,Point(-1.85 53.35),E14000217
http://www.wikidata.org/entity/Q3302305,Point(-1.85 53.35),E14000748
http://www.wikidata.org/entity/Q3302325,Point(-4.7528 55.9022),S14000038
http://www.wikidata.org/entity/Q3302442,Point(-3.965 57.381),S14000039
http://www.wikidata.org/entity/Q3302470,Point(-1.4 52.25),E14000767
http://www.wikidata.org/entity/Q3302490,Point(-0.2 51.505),E14000768
http://www.wikidata.org/entity/Q3334633,Point(-2.632 53.653),E14000105
http://www.wikidata.org/entity/Q3334633,Point(-2.632 53.653),E14000637
http://www.wikidata.org/entity/Q3334702,Point(-2.9167 53.1667),E14000108
http://www.wikidata.org/entity/Q3334702,Point(-2.9167 53.1667),E14000640
http://www.wikidata.org/entity/Q3335586,Point(-2.2667 53.15),E14000114
http://www.wikidata.org/entity/Q3335586,Point(-2.2667 53.15),E14000646
http://www.wikidata.org/entity/Q3335605,Point(-3.389 54.431),E14000115
http://www.wikidata.org/entity/Q3335605,Point(-3.389 54.431),E14000647
http://www.wikidata.org/entity/Q3335626,Point(-0.53 52.48),E14000116
http://www.wikidata.org/entity/Q3335626,Point(-0.53 52.48),E14000648
http://www.wikidata.org/entity/Q3335749,Point(-1.56 52.43),E14000119
http://www.wikidata.org/entity/Q3335749,Point(-1.56 52.43),E14000650
http://www.wikidata.org/entity/Q3335775,Point(-1.51 52.39),E14000120
http://www.wikidata.org/entity/Q3335775,Point(-1.51 52.39),E14000651
http://www.wikidata.org/entity/Q3335844,Point(-0.183 51.113),E14000121
http://www.wikidata.org/entity/Q3335844,Point(-0.183 51.113),E14000652
http://www.wikidata.org/entity/Q3335863,Point(-2.4833 53.0833),E14000122
http://www.wikidata.org/entity/Q3335863,Point(-2.4833 53.0833),E14000653
http://www.wikidata.org/entity/Q7298478,Point(0.66 51.59),E14000358
http://www.wikidata.org/entity/Q7363323,Point(-1.491 51.004),E14000371
http://www.wikidata.org/entity/Q7378259,Point(-1.35 52.35),E14000375
http://www.wikidata.org/entity/Q7378807,Point(-0.435 51.589),E14000376
http://www.wikidata.org/entity/Q7384999,Point(-0.79 54.139),E14000380
http://www.wikidata.org/entity/Q7447544,Point(-1.079 53.777),E14000391
http://www.wikidata.org/entity/Q7492582,Point(-1.428 53.371),E14000393
http://www.wikidata.org/entity/Q7639743,Point(-1.378 54.89),E14000449
http://www.wikidata.org/entity/Q3335881,Point(-0.054 51.369),E14000124
http://www.wikidata.org/entity/Q3335881,Point(-0.054 51.369),E14000654
http://www.wikidata.org/entity/Q3335941,Point(-2.11 52.52),E14000140
http://www.wikidata.org/entity/Q3335941,Point(-2.11 52.52),E14000671
http://www.wikidata.org/entity/Q3335964,Point(-2.13 52.49),E14000141
http://www.wikidata.org/entity/Q3335964,Point(-2.13 52.49),E14000672
http://www.wikidata.org/entity/Q3335993,Point(-0.084 51.447),E14000142
http://www.wikidata.org/entity/Q3335993,Point(-0.084 51.447),E14000673
http://www.wikidata.org/entity/Q3336017,Point(-3.608 55.069),S14000013
http://www.wikidata.org/entity/Q3336059,Point(-3.506 55.2),S14000014
http://www.wikidata.org/entity/Q3336117,Point(-0.05 51.43),E14000788
http://www.wikidata.org/entity/Q3336133,Point(-3.663 55.993),S14000043
http://www.wikidata.org/entity/Q3336139,Point(-2.947 53.355),E14000264
http://www.wikidata.org/entity/Q3336139,Point(-2.947 53.355),E14000793
http://www.wikidata.org/entity/Q3336187,Point(-3.2736 56.0992),S14000041
http://www.wikidata.org/entity/Q3336201,Point(-2.828 53.461),E14000775
http://www.wikidata.org/entity/Q3336217,Point(-3.704 55.524),S14000042
http://www.wikidata.org/entity/Q3336696,Point(-1.71 52.4),E14000284
http://www.wikidata.org/entity/Q3336696,Point(-1.71 52.4),E14000812
http://www.wikidata.org/entity/Q3336720,Point(-1.024 50.9),E14000811
http://www.wikidata.org/entity/Q3336746,Point(-1.2 53.14),E14000282
http://www.wikidata.org/entity/Q3336746,Point(-1.2 53.14),E14000810
http://www.wikidata.org/entity/Q3336781,Point(-2.234 53.433),E14000281
http://www.wikidata.org/entity/Q3336781,Point(-2.234 53.433),E14000809
http://www.wikidata.org/entity/Q3336813,Point(-0.72 51.54),E14000274
http://www.wikidata.org/entity/Q3336813,Point(-0.72 51.54),E14000803
http://www.wikidata.org/entity/Q3336829,Point(-2.1333 53.3167),E14000273
http://www.wikidata.org/entity/Q3336829,Point(-2.1333 53.3167),E14000802
http://www.wikidata.org/entity/Q3336866,Point(-0.446 51.902),E14000271
http://www.wikidata.org/entity/Q3336866,Point(-0.446 51.902),E14000800
http://www.wikidata.org/entity/Q3336884,Point(-2.746 52.488),E14000270
http://www.wikidata.org/entity/Q3336884,Point(-2.746 52.488),E14000799
http://www.wikidata.org/entity/Q3336909,Point(0.0 53.3),E14000269
http://www.wikidata.org/entity/Q3336909,Point(0.0 53.3),E14000798
http://www.wikidata.org/entity/Q3336954,Point(0.085 51.594),E14000228
http://www.wikidata.org/entity/Q3336954,Point(0.085 51.594),E14000759
http://www.wikidata.org/entity/Q3336979,Point(-2.382 53.768),E14000227
http://www.wikidata.org/entity/Q3336979,Point(-2.382 53.768),E14000758
http://www.wikidata.org/entity/Q3337022,Point(-0.133 51.59),E14000221
http://www.wikidata.org/entity/Q3337022,Point(-0.133 51.59),E14000752
http://www.wikidata.org/entity/Q3337041,Point(0.22 51.58),E14000751
http://www.wikidata.org/entity/Q3337060,Point(-0.135 51.535),E14000219
http://www.wikidata.org/entity/Q3337060,Point(-0.135 51.535),E14000750
http://www.wikidata.org/entity/Q3337141,Point(-1.354 53.614),E14000209
http://www.wikidata.org/entity/Q3337141,Point(-1.354 53.614),E14000740
http://www.wikidata.org/entity/Q3337181,Point(-2.11 53.37),E14000207
http://www.wikidata.org/entity/Q3337181,Point(-2.11 53.37),E14000738
http://www.wikidata.org/entity/Q3337210,Point(-0.98 50.82),E14000205
http://www.wikidata.org/entity/Q3337210,Point(-0.98 50.82),E14000736
http://www.wikidata.org/entity/Q3337224,Point(0.657 50.91),E14000204
http://www.wikidata.org/entity/Q3337224,Point(0.657 50.91),E14000735
http://www.wikidata.org/entity/Q3337248,Point(1.02 51.92),E14000734
http://www.wikidata.org/entity/Q3337289,Point(-1.474 53.989),E14000199
http://www.wikidata.org/entity/Q3337289,Point(-1.474 53.989),E14000730
http://www.wikidata.org/entity/Q3337305,Point(0.09 51.77),E14000198
http://www.wikidata.org/entity/Q3337305,Point(0.09 51.77),E14000729
http://www.wikidata.org/entity/Q3337330,Point(-1.0 52.5),E14000197
http://www.wikidata.org/entity/Q3337330,Point(-1.0 52.5),E14000728
http://www.wikidata.org/entity/Q3337350,Point(-0.194 51.549),E14000727
http://www.wikidata.org/entity/Q3337375,Point(-0.23 51.51),E14000726
http://www.wikidata.org/entity/Q3337393,Point(-2.706 53.327),E14000194
http://www.wikidata.org/entity/Q3337393,Point(-2.706 53.327),E14000725
http://www.wikidata.org/entity/Q3337409,Point(-0.689 53.796),E14000193
http://www.wikidata.org/entity/Q3337409,Point(-0.689 53.796),E14000724
http://www.wikidata.org/entity/Q3337458,Point(-1.32 52.9),E14000165
http://www.wikidata.org/entity/Q3337458,Point(-1.32 52.9),E14000695
http://www.wikidata.org/entity/Q3337484,Point(-0.27 51.33),E14000164
http://www.wikidata.org/entity/Q3337484,Point(-0.27 51.33),E14000694
http://www.wikidata.org/entity/Q3337505,Point(0.09 51.67),E14000693
http://www.wikidata.org/entity/Q3337598,Point(-1.34 50.94),E14000154
http://www.wikidata.org/entity/Q3337598,Point(-1.34 50.94),E14000685
http://www.wikidata.org/entity/Q3337618,Point(0.286 50.778),E14000153
http://www.wikidata.org/entity/Q3337618,Point(0.286 50.778),E14000684
http://www.wikidata.org/entity/Q3337642,Point(-0.466 54.029),E14000152
http://www.wikidata.org/entity/Q3337642,Point(-0.466 54.029),E14000683
http://www.wikidata.org/entity/Q3337670,Point(-0.326 50.822),E14000151
http://www.wikidata.org/entity/Q3337670,Point(-0.326 50.822),E14000682
http://www.wikidata.org/entity/Q3337694,Point(-3.661 55.39),S14000019
http://www.wikidata.org/entity/Q3337705,Point(-0.98 50.98),E14000149
http://www.wikidata.org/entity/Q3337705,Point(-0.98 50.98),E14000680
http://www.wikidata.org/entity/Q3337719,Point(0.059 51.527),E14000148
http://www.wikidata.org/entity/Q3337719,Point(0.059 51.527),E14000679
http://www.wikidata.org/entity/Q3342877,Point(-0.91 51.2),E14000313
http://www.wikidata.org/entity/Q3342877,Point(-0.91 51.2),E14000844
http://www.wikidata.org/entity/Q3343077,Point(-4.506 55.966),S14000059
http://www.wikidata.org/entity/Q3398996,Point(-3.688 53.191),W07000003
http://www.wikidata.org/entity/Q3399037,Point(-0.034 51.435),E14000259
http://www.wikidata.org/entity/Q8037104,Point(-2.41 53.51),E14000524
http://www.wikidata.org/entity/Q12202055,Point(-3.497 50.546),E14000456
http://www.wikidata.org/entity/Q12237837,Point(-2.864 53.359),E14000263
http://www.wikidata.org/entity/Q3399074,Point(-0.2721 51.5456),E14000066
http://www.wikidata.org/entity/Q3403573,Point(0.0 51.515),E14000352
http://www.wikidata.org/entity/Q3403590,Point(-0.23 51.55),E14000064
http://www.wikidata.org/entity/Q3403595,Point(-0.173 51.556),E14000196
http://www.wikidata.org/entity/Q3403599,Point(-3.605 52.841),W07000010
http://www.wikidata.org/entity/Q3403614,Point(-1.374 54.921),E14000448
http://www.wikidata.org/entity/Q3403624,Point(0.157 51.555),E14000127
http://www.wikidata.org/entity/Q3403635,Point(-0.26 51.517),E14000143
http://www.wikidata.org/entity/Q4116294,Point(-5.18 50.195),E14000169
http://www.wikidata.org/entity/Q4119957,Point(-1.316 53.708),E14000350
http://www.wikidata.org/entity/Q4119959,Point(-2.186 51.26),E14000506
http://www.wikidata.org/entity/Q4119965,Point(-2.7 52.22),E14000255
http://www.wikidata.org/entity/Q4119967,Point(1.24 51.86),E14000203
http://www.wikidata.org/entity/Q4119969,Point(-2.731 53.448),E14000384
http://www.wikidata.org/entity/Q4119975,Point(-1.415 53.7),E14000305
http://www.wikidata.org/entity/Q4119982,Point(-0.186 51.494),E14000236
http://www.wikidata.org/entity/Q4119986,Point(-1.488 53.408),E14000398
http://www.wikidata.org/entity/Q4119988,Point(-1.444 53.409),E14000394
http://www.wikidata.org/entity/Q4120170,Point(-3.029 53.491),E14000123
http://www.wikidata.org/entity/Q4120184,Point(-2.7 52.0),E14000212
http://www.wikidata.org/entity/Q4120186,Point(-2.202 53.51),E14000278
http://www.wikidata.org/entity/Q4120298,Point(-1.2 52.5),E14000043
http://www.wikidata.org/entity/Q4120305,Point(-4.14 50.37),E14000349
http://www.wikidata.org/entity/Q4120309,Point(-1.65 53.1),E14000500
http://www.wikidata.org/entity/Q4164454,Point(-4.14 50.41),E14000348
http://www.wikidata.org/entity/Q4861921,Point(-1.361 53.531),E14000013
http://www.wikidata.org/entity/Q4861936,Point(-1.591 53.556),E14000014
http://www.wikidata.org/entity/Q4867302,Point(0.4 51.52),E14000016
http://www.wikidata.org/entity/Q4916815,Point(-1.847 52.457),E14000040
http://www.wikidata.org/entity/Q4923261,Point(-2.914 53.863),E14000045
http://www.wikidata.org/entity/Q4954728,Point(-1.75 53.81666667),E14000060
http://www.wikidata.org/entity/Q5332195,Point(-2.34 53.48),E14000155
http://www.wikidata.org/entity/Q5366729,Point(-1.404 53.818),E14000159
http://www.wikidata.org/entity/Q5527158,Point(-1.555 54.937),E14000178
http://www.wikidata.org/entity/Q5562365,Point(0.55 51.3833),E14000180
http://www.wikidata.org/entity/Q5904186,Point(0.201 51.529),E14000220
http://www.wikidata.org/entity/Q5913011,Point(-1.46666667 54.86666667),E14000223
http://www.wikidata.org/entity/Q6423484,Point(-2.828 53.461),E14000243
http://www.wikidata.org/entity/Q6423490,Point(-2.824 53.425),E14000244
http://www.wikidata.org/entity/Q6483288,Point(-2.928 53.992),E14000245
http://www.wikidata.org/entity/Q6807397,Point(0.5 51.43333333),E14000283
http://www.wikidata.org/entity/Q6861280,Point(-0.721 52.009),E14000292
http://www.wikidata.org/entity/Q6912564,Point(-1.602 53.749),E14000296
http://www.wikidata.org/entity/Q7056797,Point(-0.071 51.496),E14000319
http://www.wikidata.org/entity/Q7057688,Point(-2.518 51.604),E14000332
